<?xml version="1.0" encoding="UTF-8"?>
<project-private xmlns="http://www.netbeans.org/ns/project-private/1">
    <editor-bookmarks xmlns="http://www.netbeans.org/ns/editor-bookmarks/2" lastBookmarkId="0"/>
    <open-files xmlns="http://www.netbeans.org/ns/projectui-open-files/2">
        <group>
            <file>file:/C:/Users/rplri/Documents/NetBeansProjects/Aplikasi-Kasir-Gudang-master/src/jdbc/Login.java</file>
            <file>file:/C:/Users/rplri/Documents/NetBeansProjects/Aplikasi-Kasir-Gudang-master/src/jdbc/Fkasir.java</file>
            <file>file:/C:/Users/rplri/Documents/NetBeansProjects/Aplikasi-Kasir-Gudang-master/src/jdbc/FUser.java</file>
            <file>file:/C:/Users/rplri/Documents/NetBeansProjects/Aplikasi-Kasir-Gudang-master/src/jdbc/userlogin.java</file>
        </group>
    </open-files>
</project-private>
